scientificName,vernacularName,generalisation,category
Calyptorhynchus banksii graptogyne,Red-tailed Black Cockatoo (south-east),10 km,C2
Calyptorhynchus lathami halmaturinus,Glossy Black-Cockatoo (Kangaroo Island subspecies),10 km,C2
Lophochroa leadbeateri leadbeateri,"Major Mitchell's Cockatoo (LNE, MM)",10 km,C2
Lophochroa leadbeateri mollis,"Major Mitchell's Cockatoo (NW, EP)",10 km,C2
Zanda funerea whiteae,Yellow-tailed Black Cockatoo,10 km,C2
Neophema chrysogaster,Orange-bellied Parrot,10 km,C2
Neophema splendida,Scarlet-chested Parrot,10 km,C2
Polytelis alexandrae,Princess Parrot,10 km,C2
Polytelis anthopeplus monarchoides,Regent Parrot,10 km,C2
Amytornis striatus howei,Striated Grasswren,10 km,C2
Amytornis whitei aenigma,Yellabinna Rufous Grasswren,10 km,C2
Amytornis whitei oweni,Sandhill Rufous Grasswren,10 km,C2
Amytornis whitei,Rufous Grasswren,10 km,C2
Pachycephala rufogularis,Red-lored Whistler,10 km,C2
Thinornis cucullatus cucullatus,Hooded Plover,10 km,C2
Elanus scriptus,Letter-winged Kite,10 km,C2
Falco hypoleucos,Grey Falcon,10 km,C2
Falco peregrinus macropus,Peregrine Falcon,10 km,C2
Haliaeetus leucogaster,White-bellied Sea Eagle,10 km,C2
Lophoictinia isura,Square-tailed Kite,10 km,C2
Pandion haliaetus cristatus,Eastern Osprey,10 km,C2
Euastacus bispinosus,Glenelg Spiny Freshwater Crayfish,10 km,C2
Nephrurus deleani,Pernatty Knob-tailed Gecko,10 km,C2
Tiliqua adelaidensis,Pygmy Bluetongue,10 km,C2
Denisonia devisi,De Vis' Banded Snake (Mud Adder),10 km,C2
Callitriche umbonata,Water Starwort,10 km,C2
Craspedia paludicola,Swamp Buttons,10 km,C2
Gentianella gunniana,Mountain Gentian,10 km,C2
Lycopodiella serpentina,Bog Clubmoss,10 km,C2
Lycopodium deuterodensum,Bushy Clubmoss,10 km,C2
Montia fontana ssp. chondrosperma,Waterblinks,10 km,C2
Najas tenuifolia,Water Nymph,10 km,C2
Nertera granadensis,Matted Nertera,10 km,C2
Nymphoides geminata,Entire Marshwort,10 km,C2
Ornduffia umbricola var. beaugleholei,Beauglehole's Marsh-flower,10 km,C2
Potamogeton australiensis,Thin Pondweed,10 km,C2
Utricularia beaugleholei,Beauglehole's Bladderwort,10 km,C2
Utricularia lateriflora,Small Bladderwort,10 km,C2
Wurmbea dioica ssp. lacunaria,Lagoon Nancy,10 km,C2
Olearia arckaringensis,Arckaringa Daisy,10 km,C2
Adiantum capillus-veneris,Dainty Maiden-hair,10 km,C2
Asplenium gracillimum,Mother Spleenwort,10 km,C2
Blechnum chambersii,Lance Water-fern,10 km,C2
Blechnum rupestre,Small Rasp-fern,10 km,C2
Dennstaedtia davallioides,Lacy Ground-fern,10 km,C2
Dicksonia antarctica,Soft Tree-fern,10 km,C2
Histiopteris incisa,Bat's-wing Fern,10 km,C2
Lastreopsis acuminata,Shiny Shield-fern,10 km,C2
Polystichum proliferum,Mother Shield-fern,10 km,C2
Psilotum nudum,Skeleton Fork-fern,10 km,C2
Schizaea bifida,Forked Comb-fern,10 km,C2
Schizaea fistulosa,Narrow Comb-fern,10 km,C2
Todea barbara,King Fern,10 km,C2
Amanita phalloides,,10 km,C2
Amanita rubescens,,10 km,C2
Boletus edulis,,10 km,C2
Laetiporus sulphureus,,10 km,C2
Morchella elata,,10 km,C2
Morchella esculenta,,10 km,C2
Psilocybe argentina,,10 km,C2
Psilocybe coprophila,,10 km,C2
Psilocybe inquilina,,10 km,C2
Psilocybe kolya,,10 km,C2
Psilocybe korra,,10 km,C2
Psilocybe kramburkicola,,10 km,C2
Psilocybe musci,,10 km,C2
Psilocybe sp.,,10 km,C2
Psilocybe stercicola,,10 km,C2
Psilocybe subaeruginosa,,10 km,C2
Psilocybe thrausta,,10 km,C2
Psilocybe toogaadyalis,,10 km,C2
Arthropodium milleflorum,Pale Vanilla-lily,10 km,C2
Brachyscome diversifolia,Tall Daisy,10 km,C2
Brachyscome melanocarpa ssp. melanocarpa,Black-fruit Daisy,10 km,C2
Brachyscome muelleri,Corunna Daisy,10 km,C2
Calocephalus lacteus,Milky Beauty-heads,10 km,C2
Coronidium gunnianum,Pale Everlasting,10 km,C2
Dampiera lanceolata var. intermedia,Aldinga Dampiera,10 km,C2
Dianella callicarpa,Swamp Flax-lily,10 km,C2
Dianella porracea,Pale Flax-lily,10 km,C2
Dianella tarda,Late-flowered Flax-lily,10 km,C2
Ixodia achillaeoides ssp. arenicola,Sand Ixodia,10 km,C2
Lagenophora sublyrata,Slender Bottle-daisy,10 km,C2
Leptorhynchos melanocarpus,Lake Acraman Button-daisy,10 km,C2
Lobelia beaugleholei,Showy Lobelia,10 km,C2
Podolepis muelleri,Button Podolepis,10 km,C2
Pycnosorus chrysanthes,Yellow Drumsticks,10 km,C2
Pycnosorus globosus,Drumsticks,10 km,C2
Rhodanthe anthemoides,Chamomile Everlasting,10 km,C2
Rhodanthe oppositifolia ssp. oppositifolia,Twin-leaf Everlasting,10 km,C2
Scaevola calendulacea,Dune Fanflower,10 km,C2
Scaevola hookeri,Creeping Fanflower,10 km,C2
Scaevola obovata,,10 km,C2
Stypandra glauca,Nodding Grass-lily,10 km,C2
Swainsona behriana,Behr's Swainson-pea,10 km,C2
Swainsona dictyocarpa,,10 km,C2
Swainsona kingii,,10 km,C2
Swainsona minutiflora,Small-flower Swainson-pea,10 km,C2
Swainsona murrayana,Murray Swainson-pea,10 km,C2
Swainsona procumbens,Broughton Pea,10 km,C2
Swainsona pyrophila,Yellow Swainson-pea,10 km,C2
Swainsona vestita,,10 km,C2
Swainsona viridis,Creeping Darling Pea,10 km,C2
Thelionema caespitosum,Tufted Lily,10 km,C2
Thysanotus nudicaulis,,10 km,C2
Thysanotus tuberosus ssp. parviflorus,Tuber Fringe-lily,10 km,C2
Thysanotus tuberosus ssp. tuberosus,Tuber Fringe-lily,10 km,C2
Viola betonicifolia ssp. betonicifolia,Showy Violet,10 km,C2
Xanthorrhoea minor ssp. lutea,Little Yacca,10 km,C2
Caladenia argocalla,White Beauty Spider-orchid,10 km,C2
Caladenia behrii,Pink-lip Spider-orchid,10 km,C2
Caladenia brumalis,Winter Spider-orchid,10 km,C2
Caladenia calcicola,Limestone Spider-orchid,10 km,C2
Caladenia clavigera,Plain-lip Spider-orchid,10 km,C2
Caladenia colorata,Coloured Spider-orchid,10 km,C2
Caladenia conferta,Coast Spider-orchid,10 km,C2
Caladenia dilatata,Late Spider-orchid,10 km,C2
Caladenia flaccida,Drooping Spider-orchid,10 km,C2
Caladenia formosa,Elegant Spider Orchid,10 km,C2
Caladenia fragrantissima,Scented Spider-orchid,10 km,C2
Caladenia fuliginosa,,10 km,C2
Caladenia fulva,Tawny Spider-orchid,10 km,C2
Caladenia gladiolata,Bayonet Spider-orchid,10 km,C2
Caladenia intuta,Ghost Spider Orchid,10 km,C2
Caladenia lowanensis,Wimmera Spider-orchid,10 km,C2
Caladenia macroclavia,Large-club Spider-orchid,10 km,C2
Caladenia moschata,Musky Caladenia,10 km,C2
Caladenia ornata,Ornate Pink Fingers,10 km,C2
Caladenia ovata,Kangaroo Island Spider-orchid,10 km,C2
Caladenia parva,Small Green-comb Spider-orchid,10 km,C2
Caladenia richardsiorum,Little Dip Spider-orchid,10 km,C2
Caladenia rigida,Stiff White Spider-orchid,10 km,C2
Caladenia sp. Monarto South (H.Goldsack 163 AD97708605A),,10 km,C2
Caladenia sp. Southeast (R.Bates 66283),Sand Spider-orchid,10 km,C2
Caladenia tensa,Inland Green-comb Spider-orchid,10 km,C2
Caladenia valida,Robust Spider-orchid,10 km,C2
Caladenia venusta,Large White Spider-orchid,10 km,C2
Caladenia woolcockiorum,Woolcock's Spider-orchid,10 km,C2
Caladenia xantholeuca,Flinders Ranges White Caladenia,10 km,C2
Caleana major,Large Duck-orchid,10 km,C2
Calochilus cupreus,Copper Beard-orchid,10 km,C2
Calochilus paludosus,Red Beard-orchid,10 km,C2
Chiloglottis cornuta,Green Bird-orchid,10 km,C2
Chiloglottis trapeziformis,Dainty Bird-orchid,10 km,C2
Corybas expansus,Dune Helmet-orchid,10 km,C2
Corybas fordhamii,Swamp Helmet-orchid,10 km,C2
Corybas X dentatus,Finniss Helmet-orchid,10 km,C2
Cryptostylis subulata,Moose Orchid,10 km,C2
Dipodium campanulatum,Bell-flower Hyacinth Orchid,10 km,C2
Dipodium pardalinum,Leopard Hyacinth-orchid,10 km,C2
Dipodium punctatum,,10 km,C2
Diuris behrii,Behr's Cowslip Orchid,10 km,C2
Diuris brevifolia,Short-leaf Donkey-orchid,10 km,C2
Diuris chryseopsis,Cowslip Orchid,10 km,C2
Eriochilus paludosus,,10 km,C2
Gastrodia vescula,Lesser Potato Orchid,10 km,C2
Genoplesium ciliatum,Swamp Midge-orchid,10 km,C2
Genoplesium despectans,Sharp Midge-orchid,10 km,C2
Genoplesium morrisii,Bearded Midge-orchid,10 km,C2
Microtis eremaea,Slender Onion-orchid,10 km,C2
Microtis orbicularis,Swamp Onion-orchid,10 km,C2
Paracaleana disjuncta,Black-beak Duck-orchid,10 km,C2
Paracaleana minor,Small Duck-orchid,10 km,C2
Prasophyllum calcicola,Limestone Leek-orchid,10 km,C2
Prasophyllum catenemum,,10 km,C2
Prasophyllum frenchii,Maroon Leek-orchid,10 km,C2
Prasophyllum goldsackii,Goldsack's Leek-orchid,10 km,C2
Prasophyllum laxum,Lax Leek-orchid,10 km,C2
Prasophyllum murfetii,Maroon Leek-orchid,10 km,C2
Prasophyllum pallidum,Pale Leek-orchid,10 km,C2
Prasophyllum pruinosum,Plum Leek-orchid,10 km,C2
Prasophyllum sp. Waterholes (R.Bates 9037),,10 km,C2
Prasophyllum spicatum,Dense Leek-orchid,10 km,C2
Prasophyllum tortilis,Goldsack's Leek-orchid,10 km,C2
Prasophyllum validum,Mount Remarkable Leek-orchid,10 km,C2
Pterostylis arenicola,Sandhill Greenhood,10 km,C2
Pterostylis bryophila,Hindmarsh Greenhood,10 km,C2
Pterostylis chlorogramma,,10 km,C2
Pterostylis concinna,Trim Greenhood,10 km,C2
Pterostylis corpulenta,Tiny Greenhood,10 km,C2
Pterostylis cucullata ssp. cucullata,Leafy Greenhood,10 km,C2
Pterostylis cucullata ssp. sylvicola,Leafy Greenhood,10 km,C2
Pterostylis despectans,Mt Bryan Greenhood,10 km,C2
Pterostylis falcata,Forked Greenhood,10 km,C2
Pterostylis ferruginea,Bangham Rustyhood,10 km,C2
Pterostylis lepida,Halbury Rustyhood,10 km,C2
Pterostylis lingua,,10 km,C2
Pterostylis lustra,Forked Greenhood,10 km,C2
Pterostylis melagramma,Tall Greenhood,10 km,C2
Pterostylis mirabilis,Mount Olinthus Greenhood,10 km,C2
Pterostylis parviflora,,10 km,C2
Pterostylis psammophila,Two-bristle Greenhood,10 km,C2
Pterostylis setifera,Bristly Greenhood,10 km,C2
Pterostylis sp. Hale (R.Bates 21725),Hale Greenhood,10 km,C2
"Pterostylis sp. Rock ledges (pl. 185, Bates & Weber 1990)",Rock-ledge rufoushood,10 km,C2
Pterostylis tasmanica,,10 km,C2
Pterostylis tenuissima,Swamp Greenhood,10 km,C2
Pterostylis uliginosa,,10 km,C2
Pterostylis xerophila,Desert Greenhood,10 km,C2
Thelymitra circumsepta,Naked Sun-orchid,10 km,C2
Thelymitra crenulata,,10 km,C2
Thelymitra cyanapicata,,10 km,C2
Thelymitra cyanea,Veined Sun-orchid,10 km,C2
Thelymitra epipactoides,Metallic Sun-orchid,10 km,C2
Thelymitra holmesii,Blue Star Sun-orchid,10 km,C2
Thelymitra hygrophila,Blue Star Sun-orchid,10 km,C2
Thelymitra inflata,Plum Sun-orchid,10 km,C2
Thelymitra latifolia,Blue Star Sun-orchid,10 km,C2
Thelymitra malvina,Mauve-tufted Sun-orchid,10 km,C2
Thelymitra matthewsii,Spiral Sun-orchid,10 km,C2
Thelymitra peniculata,Blue Star Sun-orchid,10 km,C2
Santalum lanceolatum,Plumbush,10 km,C2
Santalum spicatum,Sandalwood,10 km,C2
Phebalium calcicola,Limestone Phebalium,10 km,C2
Calyptorhynchus (Catyptorhynchus) banksii,,10 km,C2
Calyptorhynchus (Catyptorhynchus) lathami,,10 km,C2
Lophochroa leadbeateri,,10 km,C2
Polytelis anthopeplus,,10 km,C2
Amytornis striatus,,10 km,C2
Thinornis cucullatus,,10 km,C2
