raw_scientificName,field,value,field,value
Acianthus,taxonRank,genus,,
Acriopsis,taxonRank,genus,,
Anoectochilus,taxonRank,genus,,
Aphyllorchis,taxonRank,genus,,
Apostasia,taxonRank,genus,,
Appendicula,taxonRank,genus,,
Arthrochilus,taxonRank,genus,,
Bromheadia,taxonRank,genus,,
Bulbophyllum,taxonRank,genus,,
Cadetia,taxonRank,genus,,
Caladenia,taxonRank,genus,,
Calanthe,taxonRank,genus,,
Caleana,taxonRank,genus,,
Calochilus,taxonRank,genus,,
Cestichis,taxonRank,genus,,
Cheirostylis,taxonRank,genus,,
Chiloglottis,taxonRank,genus,,
Chiloschista,taxonRank,genus,,
Cooktownia,taxonRank,genus,,
Corunastylis,taxonRank,genus,,
Corybas,taxonRank,genus,,
Corymborkis,taxonRank,genus,,
Crepidium,taxonRank,genus,,
Cryptostylis,taxonRank,genus,,
Cymbidium,taxonRank,genus,,
Cyrtostylis,taxonRank,genus,,
Dendrobium,taxonRank,genus,,
Didymoplexis,taxonRank,genus,,
Dienia,taxonRank,genus,,
Diplocaulobium,taxonRank,genus,,
Dipodium,taxonRank,genus,,
Diuris,taxonRank,genus,,
Dockrillia,taxonRank,genus,,
Drymoanthus,taxonRank,genus,,
Epidendrum,taxonRank,genus,,
Epipogium,taxonRank,genus,,
Eria,taxonRank,genus,,
Eriochilus,taxonRank,genus,,
Erythrorchis,taxonRank,genus,,
Eulophia,taxonRank,genus,,
Flickingeria,taxonRank,genus,,
Gastrodia,taxonRank,genus,,
Geodorum,taxonRank,genus,,
Glossodia,taxonRank,genus,,
Goodyera,taxonRank,genus,,
Grastidium,taxonRank,genus,,
Habenaria,taxonRank,genus,,
Hetaeria,taxonRank,genus,,
Liparis,taxonRank,genus,,
Luisia,taxonRank,genus,,
Lyperanthus,taxonRank,genus,,
Micropera,taxonRank,genus,,
Microtis,taxonRank,genus,,
Mobilabium,taxonRank,genus,,
Nervilia,taxonRank,genus,,
Oberonia,taxonRank,genus,,
Octarrhena,taxonRank,genus,,
Oeceoclades,taxonRank,genus,,
Orchidaceae,taxonRank,family,,
Orthoceras,taxonRank,genus,,
Pachystoma,taxonRank,genus,,
Papillilabium,taxonRank,genus,,
Pecteilis,taxonRank,genus,,
Peristeranthus,taxonRank,genus,,
Peristylus,taxonRank,genus,,
Petalochilus,taxonRank,genus,,
Phaius,taxonRank,genus,,
Phalaenopsis,taxonRank,genus,,
Pholidota,taxonRank,genus,,
Phreatia,taxonRank,genus,,
Plectorrhiza,taxonRank,genus,,
Pomatocalpa,taxonRank,genus,,
Prasophyllum,taxonRank,genus,,
Pseudovanilla,taxonRank,genus,,
Pterostylis,taxonRank,genus,,
Rhinerrhiza,taxonRank,genus,,
Rhizanthella,taxonRank,genus,,
Rhynchophreatia,taxonRank,genus,,
Robiquetia,taxonRank,genus,,
Saccolabiopsis,taxonRank,genus,,
Sarcochilus,taxonRank,genus,,
Schistotylus,taxonRank,genus,,
Schoenorchis,taxonRank,genus,,
Spathoglottis,taxonRank,genus,,
Spiranthes,taxonRank,genus,,
Taeniophyllum,taxonRank,genus,,
Tainia,taxonRank,genus,,
Thelasis,taxonRank,genus,,
Thelychiton,taxonRank,genus,,
Thelymitra,taxonRank,genus,,
Thrixspermum,taxonRank,genus,,
Trachoma,taxonRank,genus,,
Trichoglottis,taxonRank,genus,,
Vanda,taxonRank,genus,,
Vrydagzynea,taxonRank,genus,,
Zeuxine,taxonRank,genus,,