scientificName,vernacularName,category,generalisation
Rhinolophus robertsi,greater large-eared horseshoe bat,EN,2 km
Chloebia gouldiae,Gouldian finch,EN,2 km
Erythrura trichroa,blue-faced parrot-finch,NT,2 km
Neochmia phaeton evangelinae,crimson finch (white-bellied subspecies),LC,2 km
Poephila cincta cincta,black-throated finch (white-rumped subspecies),EN,2 km
Stagonopleura guttata,diamond firetail,VU,2 km
Pachycephala olivacea,olive whistler,LC,2 km
Anthochaera phrygia,regent honeyeater,CR,2 km
Epthianura crocea,yellow chat,VU,2 km
Epthianura crocea crocea,yellow chat (gulf),VU,2 km
Epthianura crocea macgregori,yellow chat (Dawson),EN,2 km
Hylacola pyrrhopygia,chestnut-rumped heathwren,LC,2 km
Dasyornis brachypterus,eastern bristlebird,EN,2 km
Amytornis ballarae,Kalkadoon grasswren,LC,2 km
Amytornis barbatus,grey grasswren,NT,2 km
Amytornis barbatus barbatus,grey grasswren (Bulloo),EN,2 km
Amytornis barbatus diamantina,grey grasswren (Lake Eyre basin),NT,2 km
Amytornis dorotheae,Carpentarian grasswren,EN,2 km
Amytornis goyderi,Eyrean grasswren,LC,2 km
Amytornis rowleyi,rusty grasswren,NT,2 km
Stipiturus malachurus,southern emu-wren,VU,2 km
Atrichornis rufescens,rufous scrub-bird,VU,2 km
Pezoporus occidentalis,night parrot,EN,2 km
Turnix olivii,buff-breasted button-quail,CR,2 km
Falco hypoleucos,grey falcon,VU,2 km
Hoplocephalus stephensii,Stephens' banded snake,LC,2 km
Aspidites ramsayi,woma,NT,2 km
Morelia viridis,green python,NT,2 km
Calorodius thorntonensis,Thornton Peak skink,LC,2 km
Carlia wundalthini,Cape Melville rainbow skink,LC,2 km
Egernia rugosa,yakka skink,VU,2 km
Glaphyromorphus clandestinus,Mt Elliot skink,LC,2 km
Glaphyromorphus othelarrni,Cape Melville bar-lipped skink,LC,2 km
Karma tryoni,Tryon's skink,EN,2 km
Lerista allanae,Allan's lerista,EN,2 km
Magmellia luteilateralis,orange-speckled forest-skink,VU,2 km
Nangura spinosa,Nangur skink,CR,2 km
Saproscincus saltus,Cape Melville shade skink,LC,2 km
Varanus semiremex,rusty monitor,LC,2 km
Orraya occultus,McIlwraith leaf-tailed gecko,CR,2 km
Phyllurus amnicola,Mount Elliot broad-tailed gecko,VU,2 km
Phyllurus caudiannulatus,ringed thin-tailed gecko,EN,2 km
Phyllurus championae,Connors' Range broad-tailed gecko,VU,2 km
Phyllurus gulbaru,Gulbaru gecko,CR,2 km
Phyllurus isis,Mount Jukes broad-tailed gecko,VU,2 km
Phyllurus kabikabi,Oakview leaf-tailed gecko,CR,2 km
Saltuarius eximius,Cape Melville leaf-tailed gecko,CR,2 km
Uvidicolus sphyrurus,border thick-tailed gecko,LC,2 km
Oedura jowalbinna,Quinkan velvet gecko,LC,2 km
Elseya irwini,Irwin's turtle,LC,2 km
Elusor macrurus,Mary River turtle,EN,2 km
Emydura macquarii emmotti,Emmott's short-neck turtle,LC,2 km
Emydura subglobosa angkibaanya,Jardine River turtle,CR,2 km
Rheodytes leukops,Fitzroy River turtle,EN,2 km
Wollumbinia belli,Bell's turtle,EN,2 km
Cophixalus concinnus,beautiful nurseryfrog,CR,2 km
Cophixalus kulakula,Kutini boulder-frog,LC,2 km
Cophixalus mcdonaldi,Mount Elliot nurseryfrog,CR,2 km
Cophixalus monticola,mountain nurseryfrog,CR,2 km
Cophixalus neglectus,Bellenden Ker nurseryfrog,CR,2 km
Cophixalus pakayakulangun,golden-capped boulder-frog,LC,2 km
Cophixalus petrophilus,blotched boulder-frog,LC,2 km
Cophixalus zweifeli,Cape Melville boulderfrog,LC,2 km
Litoria andiirrmalin,Melville Range treefrog,VU,2 km
Litoria kroombitensis,Kroombit treefrog,CR,2 km
Litoria longirostris,long snouted treefrog,NT,2 km
Litoria lorica,little waterfall frog,CR,2 km
Litoria myola,Kuranda treefrog,CR,2 km
Litoria subglandulosa,New England treefrog,VU,2 km
Mixophyes fleayi,Fleay's barred frog,EN,2 km
Mixophyes iteratus,giant barred frog,VU,2 km
Pseudophryne covacevichae,magnificent broodfrog,VU,2 km
Taudactylus eungellensis,Eungella dayfrog,EN,2 km
Taudactylus liemi,Eungella tinkerfrog,NT,2 km
Taudactylus pleione,Kroombit tinkerfrog,CR,2 km
Taudactylus rheophilus,northern tinkerfrog,CR,2 km
Philoria knowlesi,Mt Ballow mountain frog,EN,2 km
Philoria kundagungan,red-and-yellow mountainfrog,EN,2 km
Chlamydogobius micropterus,Elizabeth Springs goby,EN,2 km
Chlamydogobius squamigenus,Edgbaston goby,EN,2 km
Stiphodon pelewensis,Daintree cling goby,VU,2 km
Nannoperca oxleyana,Oxleyan pygmy perch,EN,2 km
Pseudomugil mellis,honey blue eye,EN,2 km
Scaturiginichthys vermeilipinnis,redfin blue eye,EN,2 km
Rhadinocentrus ornatus,ornate rainbowfish,UK,2 km
Hypochrysops apollo apollo,Apollo jewel (Wet Tropics subspecies),VU,2 km
Hypochrysops piceatus,bulloak jewel,CR,2 km
Argynnis hyperbius inconstans,Australian fritillary,EN,2 km
Petalura gigantea,south-eastern petaltail,UK,2 km
Petalura ingentissima,giant petaltail,UK,2 km
Petalura litorea,coastal petaltail,UK,2 km
Petalura pulcherrima,beautiful petaltail,UK,2 km
Cherax robustus,,VU,2 km
Euastacus bindal,Mt Elliot crayfish,CR,2 km
Euastacus binzayedi,,CR,2 km
Euastacus eungella,,EN,2 km
Euastacus hystricosus,,EN,2 km
Euastacus jagara,Jagara hairy crayfish,CR,2 km
Euastacus maidae,,CR,2 km
Euastacus monteithorum,,EN,2 km
Euastacus robertsi,,EN,2 km
Tenuibranchiurus glypticus,swamp crayfish,EN,2 km
Selenocosmia crassipes,,LC,2 km
Selenocosmia strenua,,LC,2 km
Selenotypus plumipes,,LC,2 km
Relicina rahengensis,,LC,2 km
Aponogeton,,UK,2 km
Aponogeton bullosus,,EN,2 km
Aponogeton cuneatus,,SL,2 km
Aponogeton elongatus,,LC,2 km
Aponogeton elongatus subsp. elongatus,,NT,2 km
Aponogeton elongatus subsp. fluitans,,VU,2 km
Aponogeton lancesmithii,,EN,2 km
Aponogeton prolifer,,EN,2 km
Aponogeton queenslandicus,,SL,2 km
Aponogeton vanbruggenii,,SL,2 km
Archontophoenix myolensis,,EN,2 km
Arenga australasica,,VU,2 km
Calamus aruensis,,VU,2 km
Calamus warburgii,,VU,2 km
Hydriastele costata,,VU,2 km
Linospadix palmerianus,,NT,2 km
Livistona concinna,,NT,2 km
Livistona drudei,Halifax fan palm,VU,2 km
Livistona fulva,,VU,2 km
Livistona lanuginosa,,VU,2 km
Livistona nitida,,NT,2 km
Wodyetia bifurcata,foxtail palm,VU,2 km
Acianthus,,LC,2 km
Acianthus borealis,,SL,2 km
Acianthus caudatus,mayfly orchid,SL,2 km
Acianthus exsertus,,SL,2 km
Acianthus fornicatus,pixie caps,SL,2 km
Acianthus ledwardii,,SL,2 km
Acianthus pusillus,,SL,2 km
Acianthus saxatilis,,EN,2 km
Acriopsis,,LC,2 km
Acriopsis emarginata,pale chandelier orchid,VU,2 km
Anoectochilus,,LC,2 km
Anoectochilus yatesiae,jewel orchid,NT,2 km
Aphyllorchis,,UK,2 km
Aphyllorchis anomala,,NT,2 km
Aphyllorchis queenslandica,,NT,2 km
Apostasia,,LC,2 km
Apostasia wallichii,,SL,2 km
Appendicula,,UK,2 km
Appendicula australiensis,,SL,2 km
Appendicula reflexa,,UK,2 km
Arthrochilus,,UK,2 km
Arthrochilus apectus,,SL,2 km
Arthrochilus aquilus,,SL,2 km
Arthrochilus byrnesii,,SL,2 km
Arthrochilus corinnae,,SL,2 km
Arthrochilus dockrillii,,SL,2 km
Arthrochilus irritabilis,leafy elbow orchid,SL,2 km
Arthrochilus lavarackianus,,SL,2 km
Arthrochilus oreophilus,,SL,2 km
Arthrochilus prolixus,,SL,2 km
Arthrochilus rosulatus,,SL,2 km
Arthrochilus sabulosus,,SL,2 km
Arthrochilus stenophyllus,,SL,2 km
Blepharoglossum condylobulbon,,VU,2 km
Bletilla striata,,UK,2 km
Bogoria matutina,,VU,2 km
Bromheadia,,LC,2 km
Bromheadia pulchra,,SL,2 km
Bryobium dischorense,,VU,2 km
Bryobium eriaeoides,,SL,2 km
Bryobium irukandjianum,,VU,2 km
Bryobium queenslandicum,,SL,2 km
Bulbophyllum,,UK,2 km
Bulbophyllum argyropus,,VU,2 km
Bulbophyllum aurantiacum var. wattsii,,LC,2 km
Bulbophyllum baileyi,,SL,2 km
Bulbophyllum boonjee,,VU,2 km
Bulbophyllum bowkettiae,,SL,2 km
Bulbophyllum bracteatum,,SL,2 km
Bulbophyllum elisae,pineapple orchid,SL,2 km
Bulbophyllum evasum,,SL,2 km
Bulbophyllum exiguum,,SL,2 km
Bulbophyllum gadgarrense,,SL,2 km
Bulbophyllum globuliforme,,NT,2 km
Bulbophyllum gracillimum,graceful orchid,VU,2 km
Bulbophyllum grandimesense,,VU,2 km
Bulbophyllum johnsonii,,SL,2 km
Bulbophyllum lageniforme,,SL,2 km
Bulbophyllum lamingtonense,,SL,2 km
Bulbophyllum lewisense,,SL,2 km
Bulbophyllum lilianae,,SL,2 km
Bulbophyllum longiflorum,,VU,2 km
Bulbophyllum macphersonii,,SL,2 km
Bulbophyllum maxillare,,EN,2 km
Bulbophyllum minutissimum,grain-of-wheat orchid,SL,2 km
Bulbophyllum nematopodum,,SL,2 km
Bulbophyllum newportii,,SL,2 km
Bulbophyllum purpurascens,,LC,2 km
Bulbophyllum radicans,,SL,2 km
Bulbophyllum schillerianum,red rope orchid,SL,2 km
Bulbophyllum shepherdii,wheat-leaved orchid,SL,2 km
Bulbophyllum sladeanum,,SL,2 km
Bulbophyllum toressae,,LC,2 km
Bulbophyllum wadsworthii,,SL,2 km
Bulbophyllum wanjurum,,LC,2 km
Bulbophyllum weinthalii,blotched bulbophyllum,VU,2 km
Bulbophyllum weinthalii subsp. striatum,,VU,2 km
Bulbophyllum weinthalii subsp. weinthalii,,VU,2 km
Bulbophyllum whitei,,SL,2 km
Bulbophyllum wilkianum,,SL,2 km
Bulbophyllum windsorense,,VU,2 km
Bulbophyllum wolfei,,VU,2 km
Cadetia,,LC,2 km
Cadetia clausa,,SL,2 km
Cadetia collinsii,,VU,2 km
Cadetia maideniana,,SL,2 km
Cadetia taylori,,SL,2 km
Cadetia uniflos,,SL,2 km
Cadetia wariana,,VU,2 km
Caladenia,,UK,2 km
Caladenia alata,fairy orchid,SL,2 km
Caladenia amnicola,,UK,2 km
Caladenia atroclavia,,EN,2 km
Caladenia atrovespa,,SL,2 km
Caladenia carnea,,SL,2 km
Caladenia catenata,,SL,2 km
Caladenia chamaephylla,,SL,2 km
Caladenia dilatata,,UK,2 km
Caladenia filamentosa,,LC,2 km
Caladenia filamentosa var. filamentosa,daddy long legs,LC,2 km
Caladenia flaccida,,SL,2 km
Caladenia fuscata,,SL,2 km
Caladenia gracillima,,SL,2 km
Caladenia picta,,SL,2 km
Calanthe,,UK,2 km
Calanthe masuca x Calanthe vestita,,UK,2 km
Calanthe triplicata,christmas orchid,SL,2 km
Calanthe veratrifolia var. kennyi,,LC,2 km
Caleana,,LC,2 km
Caleana major,flying duck orchid,SL,2 km
Caleana minor,small duck orchid,SL,2 km
Calochilus,,LC,2 km
Calochilus ammobius,,SL,2 km
Calochilus caeruleus,blue beards,SL,2 km
Calochilus campestris,copper beard orchid,SL,2 km
Calochilus cleistanthus,,SL,2 km
Calochilus gracillimus,slender beard orchid,UK,2 km
Calochilus grandiflorus,giant beard orchid,SL,2 km
Calochilus holtzei,,UK,2 km
Calochilus imperiosus,,SL,2 km
Calochilus metallicus,,SL,2 km
Calochilus paludosus,red beard orchid,SL,2 km
Calochilus psednus,,EN,2 km
Calochilus robertsonii,purplish beard orchid,SL,2 km
Calochilus therophilus,,SL,2 km
Cestichis,,UK,2 km
Cestichis angustilabris,,SL,2 km
Cestichis bracteata,,SL,2 km
Cestichis coelogynoides,,SL,2 km
Cestichis fleckeri,,SL,2 km
Cestichis nugentiae,,SL,2 km
Cestichis swenssonii,,SL,2 km
Cheirostylis,,LC,2 km
Cheirostylis notialis,,SL,2 km
Cheirostylis ovata,caterpillar orchid,SL,2 km
Chiloglottis,,UK,2 km
Chiloglottis diphylla,,SL,2 km
Chiloglottis formicifera,ant orchid,UK,2 km
Chiloglottis longiclavata,,NT,2 km
Chiloglottis sp. (Mango Flat D.L.Jones 2547),,LC,2 km
Chiloglottis sphyrnoides,,VU,2 km
Chiloglottis sylvestris,,SL,2 km
Chiloglottis trullata,,SL,2 km
Chiloglottis truncata,,SL,2 km
Chiloschista,,LC,2 km
Chiloschista phyllorhiza,,SL,2 km
Cleisostoma congestum,,UK,2 km
Cleisostoma keffordii,,UK,2 km
Cleisostoma orbiculare,,LC,2 km
Cleisostoma racemiferum,,UK,2 km
Cooktownia,,LC,2 km
Cooktownia robertsii,,EN,2 km
Corunastylis,,UK,2 km
Corunastylis acuminata,,SL,2 km
Corunastylis alticola,,VU,2 km
Corunastylis archeri,,LC,2 km
Corunastylis conferta,,SL,2 km
Corunastylis cranei,,VU,2 km
Corunastylis cuspidata,,SL,2 km
Corunastylis filiformis,,SL,2 km
Corunastylis fimbriata,,SL,2 km
Corunastylis parvicalla,,SL,2 km
Corunastylis pedersonii,,VU,2 km
Corunastylis psammophila,,SL,2 km
Corunastylis pumila,,SL,2 km
Corunastylis rufa,,LC,2 km
Corunastylis sagittifera,,LC,2 km
Corunastylis sigmoidea,,NT,2 km
Corunastylis sp. (Fraser Island NP R.Crane 2063),,SL,2 km
Corunastylis sp. (Wyberba D.L.Jones+ 2557),,SL,2 km
Corunastylis tecta,Cardwell midge orchid,EN,2 km
Corunastylis tenella,,SL,2 km
Corunastylis valida,,VU,2 km
Corybas,,UK,2 km
Corybas abellianus,nodding helmet orchid,NT,2 km
Corybas aconitiflorus,,SL,2 km
Corybas barbarae,helmet orchid,SL,2 km
Corybas cerasinus,,NT,2 km
Corybas fimbriatus,fringed helmet orchid,SL,2 km
Corybas fordhamii,banded helmet orchid,SL,2 km
Corybas hispidus,bristly helmet orchid,SL,2 km
Corybas montanus,small helmet orchid,VU,2 km
Corybas undulatus,tailed helmet orchid,SL,2 km
Corymborkis,,LC,2 km
Corymborkis veratrifolia,cinnamon orchid,SL,2 km
Crepidium,,UK,2 km
Crepidium fimbriatum,,VU,2 km
Crepidium flavovirens,,VU,2 km
Crepidium lawleri,,EN,2 km
Crepidium marsupichilum,,SL,2 km
Cryptostylis,,UK,2 km
Cryptostylis erecta,bonnet orchid,SL,2 km
Cryptostylis hunteriana,,SL,2 km
Cryptostylis leptochila,small tongue orchid,SL,2 km
Cryptostylis subulata,large tongue orchid,SL,2 km
Cyanicula caerulea,,SL,2 km
Cymbidium,,UK,2 km
Cymbidium canaliculatum,,SL,2 km
Cymbidium madidum,,SL,2 km
Cymbidium suave,,SL,2 km
Cyrtostylis,,LC,2 km
Cyrtostylis reniformis,,SL,2 km
Danhatchia australis,,SL,2 km
Demorchis queenslandica,,NT,2 km
Demorchis umbrosa,,SL,2 km
Dendrobium,,UK,2 km
Dendrobium 'Bunts Bali' x Dendrobium x lavarackianum,,UK,2 km
Dendrobium 'Mauna Kea',,UK,2 km
Dendrobium adae,,SL,2 km
Dendrobium aemulum,ironbark orchid,SL,2 km
Dendrobium affine,,UK,2 km
Dendrobium agrostophyllum,buttercup orchid,SL,2 km
Dendrobium albiflorum,,UK,2 km
Dendrobium antennatum,antelope orchid,EN,2 km
Dendrobium aphyllum,,SL,2 km
Dendrobium atroviolaceum,,UK,2 km
Dendrobium bifalce,,SL,2 km
Dendrobium bigibbum,Cooktown orchid,VU,2 km
Dendrobium bigibbum var. albomarginatum,,UK,2 km
Dendrobium bigibbum var. macranthum,,UK,2 km
Dendrobium callitrophilum,cypress orchid,VU,2 km
Dendrobium canaliculatum,,SL,2 km
Dendrobium carrii,,SL,2 km
Dendrobium carronii,,VU,2 km
Dendrobium chalmersii,,UK,2 km
Dendrobium complanatum,,LC,2 km
Dendrobium discolor,,SL,2 km
Dendrobium discolor x D.nindii,,LC,2 km
Dendrobium discolor x Dendrobium nindii,,LC,2 km
Dendrobium eriaeoides,,UK,2 km
Dendrobium falcorostrum,beech orchid,SL,2 km
Dendrobium fellowsii,,VU,2 km
Dendrobium finniganense,,SL,2 km
Dendrobium fleckeri,apricot orchid,SL,2 km
Dendrobium giddinsii,,LC,2 km
Dendrobium gracilicaule,slender orchid,SL,2 km
Dendrobium grantii,,UK,2 km
Dendrobium johannis,brown antelope orchid,VU,2 km
Dendrobium jonesii,,SL,2 km
Dendrobium keffordii,,UK,2 km
Dendrobium kingianum,,SL,2 km
Dendrobium kingianum subsp. carnarvonense,,SL,2 km
Dendrobium kingianum subsp. kingianum,,SL,2 km
Dendrobium kingianum var. pallidum,,LC,2 km
Dendrobium kingianum x D.speciosum,,LC,2 km
Dendrobium lichenastrum,,SL,2 km
Dendrobium lineale,,UK,2 km
Dendrobium litorale,,SL,2 km
Dendrobium lobbii,,SL,2 km
Dendrobium malbrownii,,VU,2 km
Dendrobium mirbelianum,mangrove orchid,EN,2 km
Dendrobium monophyllum,,SL,2 km
Dendrobium nindii,blue orchid,EN,2 km
Dendrobium paragnomus,,UK,2 km
Dendrobium phalaenopsis var. compactum,,UK,2 km
Dendrobium phalaenopsis var. schroederianum x Dendrobium taurinum,,UK,2 km
Dendrobium prenticei,,SL,2 km
Dendrobium schneiderae,,LC,2 km
Dendrobium schneiderae var. majus,,SL,2 km
Dendrobium schneiderae var. schneiderae,,NT,2 km
Dendrobium smillieae,,SL,2 km
Dendrobium speciosum,,SL,2 km
Dendrobium speciosum subsp. capricornicum,,SL,2 km
Dendrobium speciosum subsp. curvicaule,,SL,2 km
Dendrobium speciosum subsp. grandiflorum,,SL,2 km
Dendrobium speciosum subsp. grandiflorum x Dendrobium speciosum subsp. hillii,,LC,2 km
Dendrobium speciosum subsp. hillii,,SL,2 km
Dendrobium speciosum subsp. pedunculatum,,SL,2 km
Dendrobium speciosum var. delicatum,,LC,2 km
Dendrobium speciosum var. nitidum,,UK,2 km
Dendrobium stratiotes,,UK,2 km
Dendrobium strianopsis,,UK,2 km
Dendrobium teretifolium var. album,,UK,2 km
Dendrobium tetragonum,tree spider orchid,SL,2 km
Dendrobium tofftii,,LC,2 km
Dendrobium toressae,,SL,2 km
Dendrobium trilamellatum,yellow antelope orchid,SL,2 km
Dendrobium uniflos,,LC,2 km
Dendrobium x delicatum,,SL,2 km
Dendrobium x gracillimum,,SL,2 km
Dendrobium x lavarackianum,,SL,2 km
Dendrobium x ruppiosum,,SL,2 km
Dendrobium x superbiens,,VU,2 km
Dendrobium x vinicolor,,SL,2 km
Didymoplexis,,LC,2 km
Didymoplexis pallens,crystal bells,NT,2 km
Dienia,,LC,2 km
Dienia ophrydis,,SL,2 km
Diplocaulobium,,UK,2 km
Diplocaulobium glabrum,,SL,2 km
Diplocaulobium stelliferum,,UK,2 km
Dipodium,,UK,2 km
Dipodium elegantulum,,SL,2 km
Dipodium ensifolium,leafy hyacinth orchid,SL,2 km
Dipodium hamiltonianum,yellow hyacinth orchid,SL,2 km
Dipodium pandanum,,EN,2 km
Dipodium punctatum,,SL,2 km
Dipodium stenocheilum,,SL,2 km
Dipodium variegatum,,SL,2 km
Diteilis collinsii,,SL,2 km
Diteilis petricola,,SL,2 km
Diteilis simmondsii,,NT,2 km
Diuris,,UK,2 km
Diuris abbreviata,lemon doubletail,SL,2 km
Diuris alba,,SL,2 km
Diuris alba x Diuris chrysantha,,LC,2 km
Diuris chrysantha,double yellow tails,SL,2 km
Diuris curta,,EN,2 km
Diuris exitela,,SL,2 km
Diuris lanceolata,snake orchid,LC,2 km
Diuris luteola,northern yellow donkeys tails,SL,2 km
Diuris minor,,SL,2 km
Diuris oporina,northern white donkeys tails,NT,2 km
Diuris parvipetala,,VU,2 km
Diuris punctata,,SL,2 km
Diuris punctata var. parvipetala,,LC,2 km
Diuris punctata var. punctata,,SL,2 km
Diuris sp. (Byfield R.Melzer+ RM651A),,LC,2 km
Diuris sulphurea,tiger orchid,SL,2 km
Diuris tricolor,,SL,2 km
Diuris unica,,SL,2 km
Diuris x palachila,,LC,2 km
Dockrillia,,UK,2 km
Dockrillia bowmanii,scrub pencil orchid,SL,2 km
Dockrillia brevicauda,,SL,2 km
Dockrillia calamiformis,,SL,2 km
Dockrillia cucumerina,,SL,2 km
Dockrillia dolichophylla,,SL,2 km
Dockrillia linguiformis,tongue orchid,SL,2 km
Dockrillia mortii,,SL,2 km
Dockrillia nugentii,,SL,2 km
Dockrillia pugioniformis,dagger orchid,SL,2 km
Dockrillia racemosa,tableland pencil orchid,SL,2 km
Dockrillia rigida,,SL,2 km
Dockrillia schoenina,pencil orchid,SL,2 km
Dockrillia sulphurea,,SL,2 km
Dockrillia teretifolia,rat's tail orchid,SL,2 km
Dockrillia wassellii,,NT,2 km
Dockrillia x foederata,,SL,2 km
Dockrillia x grimesii,,SL,2 km
Drymoanthus,,LC,2 km
Drymoanthus minutus,,SL,2 km
Empusa habenarina,,SL,2 km
Epidendrum,,UK,2 km
Epidendrum elongatum,,UK,2 km
Epipogium,,UK,2 km
Epipogium roseum,leafless nodding orchid,SL,2 km
Eria,,UK,2 km
Eria australiensis,,LC,2 km
Eria inornata,,UK,2 km
Eria intermedia,,LC,2 km
Eria johnsonii,,UK,2 km
Eria parviflora,,UK,2 km
Eriochilus,,UK,2 km
Eriochilus cucullatus,,SL,2 km
Eriochilus petricola,,LC,2 km
Erythrorchis,,LC,2 km
Erythrorchis cassythoides,climbing orchid,SL,2 km
Eucosia umbrosa,,NT,2 km
Eulophia,,UK,2 km
Eulophia bicallosa,,NT,2 km
Eulophia carrii,,LC,2 km
Eulophia graminea,,UK,2 km
Eulophia pelorica,,VU,2 km
Eulophia zollingeri,,VU,2 km
Flickingeria,,UK,2 km
Flickingeria clementsii,,SL,2 km
Flickingeria convexa,,SL,2 km
Gastrodia,,UK,2 km
Gastrodia crebriflora,,VU,2 km
Gastrodia sesamoides,cinnamon bells,SL,2 km
Gastrodia urceolata,,VU,2 km
Geodorum,,LC,2 km
Geodorum densiflorum,pink nodding orchid,SL,2 km
Glossodia,,LC,2 km
Glossodia major,wax-lip orchid,SL,2 km
Glossodia minor,small wax lip orchid,SL,2 km
Goodyera,,UK,2 km
Goodyera viridiflora,,NT,2 km
Grastidium,,LC,2 km
Grastidium baileyi,,SL,2 km
Grastidium cancroides,,SL,2 km
Grastidium insigne,,SL,2 km
Grastidium luteocilium,,SL,2 km
Grastidium tozerense,,VU,2 km
Habenaria,,UK,2 km
Habenaria anomala,,LC,2 km
Habenaria banfieldii,,LC,2 km
Habenaria chlorosepala,,EN,2 km
Habenaria elongata,,SL,2 km
Habenaria euryloba,,VU,2 km
Habenaria exilis,,EN,2 km
Habenaria ferdinandi,,UK,2 km
Habenaria fuscina,,VU,2 km
Habenaria harroldii,,EN,2 km
Habenaria hymenophylla,rainforest habenaria,NT,2 km
Habenaria macraithii,,EN,2 km
Habenaria millari,,LC,2 km
Habenaria ovoidea,,LC,2 km
Habenaria praecox,,SL,2 km
Habenaria propinquior,,SL,2 km
Habenaria rumphii,,NT,2 km
Habenaria triplonema,,SL,2 km
Habenaria vatia,,VU,2 km
Habenaria xanthantha,,NT,2 km
Hetaeria,,UK,2 km
Hetaeria oblongifolia,,SL,2 km
Liparis,,UK,2 km
Liparis angustilabris,,LC,2 km
Liparis bracteata,,LC,2 km
Liparis mowbulana,,UK,2 km
Liparis nugentiae,,LC,2 km
Luisia,,UK,2 km
Luisia atacta,,SL,2 km
Lyperanthus,,LC,2 km
Lyperanthus suaveolens,brown beaks,SL,2 km
Malaxis fimbriatum,,UK,2 km
Micropera,,LC,2 km
Micropera fasciculata,,SL,2 km
Microstylis amplexicaulis,,LC,2 km
Microtis,,UK,2 km
Microtis parviflora,slender onion orchid,SL,2 km
Microtis rara,scented onion orchid,SL,2 km
Microtis unifolia,common onion orchid,SL,2 km
Mobilabium,,LC,2 km
Mobilabium hamatum,,SL,2 km
Nervilia,,LC,2 km
Nervilia aragoana,,SL,2 km
Nervilia crociformis,,NT,2 km
Nervilia holochila,,SL,2 km
Nervilia peltata,,SL,2 km
Nervilia plicata,,SL,2 km
Nervilia uniflora,,SL,2 km
Oberonia,,UK,2 km
Oberonia attenuata,Mossman fairy orchid,CR,2 km
Oberonia carnosa,,VU,2 km
Oberonia complanata,,SL,2 km
Oberonia crateriformis,,SL,2 km
Oberonia flavescens,,SL,2 km
Oberonia palmicola,,SL,2 km
Oberonia rimachila,,SL,2 km
Octarrhena,,UK,2 km
Octarrhena pusilla,,SL,2 km
Oeceoclades,,LC,2 km
Oncidium euxanthinum,,UK,2 km
Oncidium sphacelatum,,UK,2 km
Orchidaceae,,UK,2 km
Ornithochilus moretoni,,UK,2 km
Orthoceras,,UK,2 km
Orthoceras strictum,horned orchid,SL,2 km
Pachystoma,,LC,2 km
Pachystoma pubescens,,VU,2 km
Papillilabium,,LC,2 km
Peristeranthus,,LC,2 km
Peristeranthus hillii,,SL,2 km
Peristylus,,UK,2 km
Peristylus banfieldii,,EN,2 km
Peristylus candidus,,SL,2 km
Peristylus chlorandrellus,,SL,2 km
Peristylus papuanus,,UK,2 km
Petalochilus,,LC,2 km
Phaius,,UK,2 km
Phaius australis,,EN,2 km
Phaius bernaysii,yellow swamp orchid,EN,2 km
Phaius pictus,,VU,2 km
Phalaenopsis,,LC,2 km
Phalaenopsis rosenstromii,moth orchid,EN,2 km
Pholidota,,LC,2 km
Pholidota imbricata,,SL,2 km
Phreatia crassiuscula,,UK,2 km
Pinalia fitzalanii,,SL,2 km
Pinalia moluccana,,SL,2 km
Plectorrhiza,,LC,2 km
Plectorrhiza beckleri,,NT,2 km
Plectorrhiza brevilabris,,SL,2 km
Plectorrhiza purpurata,,SL,2 km
Plectorrhiza tridentata,tangle orchid,SL,2 km
Pomatocalpa,,UK,2 km
Pomatocalpa macphersonii,,SL,2 km
Pomatocalpa marsupiale,,VU,2 km
Prasophyllum,,UK,2 km
Prasophyllum australe,austral leek orchid,SL,2 km
Prasophyllum brevilabre,,SL,2 km
Prasophyllum campestre,,NT,2 km
Prasophyllum elatum,tall leek orchid,SL,2 km
Prasophyllum exilis,,NT,2 km
Prasophyllum flavum,yellow leek orchid,SL,2 km
Prasophyllum incompositum,,NT,2 km
Prasophyllum odoratum,scented leek orchid,UK,2 km
Prasophyllum parvicallum,,LC,2 km
Prasophyllum patens,,UK,2 km
Prasophyllum wallum,Wallum leek orchid,VU,2 km
Prosthechea radiata,,UK,2 km
Pseudovanilla,,UK,2 km
Pseudovanilla foliata,giant climbing orchid,SL,2 km
Pterostylis,,UK,2 km
Pterostylis acuminata,sharp greenhood,SL,2 km
Pterostylis ampliata,,SL,2 km
Pterostylis anatona,,SL,2 km
Pterostylis antennifera,,SL,2 km
Pterostylis aquilonia,,SL,2 km
Pterostylis baptistii,king greenhood,SL,2 km
Pterostylis baptistii x Pterostylis nutans,,LC,2 km
Pterostylis bicolor,,SL,2 km
Pterostylis bicornis,horned greenhood,VU,2 km
Pterostylis boormanii,,SL,2 km
Pterostylis borealis,,SL,2 km
Pterostylis caligna,,EN,2 km
Pterostylis chaetophora,,EN,2 km
Pterostylis cobarensis,,SL,2 km
Pterostylis crassichila,,SL,2 km
Pterostylis curta,blunt greenhood,SL,2 km
Pterostylis cycnocephala,swan greenhood,SL,2 km
Pterostylis daintreana,,SL,2 km
Pterostylis depauperata,,SL,2 km
Pterostylis erecta,,SL,2 km
Pterostylis exquisita,,SL,2 km
Pterostylis fischii,,SL,2 km
Pterostylis grandiflora,,SL,2 km
Pterostylis hamata,,SL,2 km
Pterostylis hildae,rainforest greenhood,SL,2 km
Pterostylis hispidula,,SL,2 km
Pterostylis longicurva,,SL,2 km
Pterostylis longipetala,,SL,2 km
Pterostylis mitchellii,,SL,2 km
Pterostylis mutica,midget greenhood,SL,2 km
Pterostylis mystacina,,SL,2 km
Pterostylis nigricans,,NT,2 km
Pterostylis nutans,,SL,2 km
Pterostylis obtusa,,SL,2 km
Pterostylis ophioglossa,,SL,2 km
Pterostylis ophioglossa subsp. fusca,,LC,2 km
Pterostylis parviflora,tiny greenhood,SL,2 km
Pterostylis pearsonii,,SL,2 km
Pterostylis pedunculata,maroonhood,SL,2 km
Pterostylis praetermissa,,SL,2 km
Pterostylis procera,,SL,2 km
Pterostylis revoluta,autumn greenhood,LC,2 km
Pterostylis rufa,,SL,2 km
Pterostylis russellii,,SL,2 km
Pterostylis scoliosa,,EN,2 km
Pterostylis setifera,,NT,2 km
Pterostylis sp. (Gundiah W.W.Abell AQ72188),,NT,2 km
Pterostylis sp. (Mt Maroon J.R.Clarkson+ 1114),,UK,2 km
Pterostylis stricta,,SL,2 km
Pterostylis taurus,charging bull orchid,SL,2 km
Pterostylis torquata,,SL,2 km
Pterostylis venusta,,SL,2 km
Pterostylis vitrea,,SL,2 km
Pterostylis whitei,,LC,2 km
Pterostylis woollsii,long-tailed greenhood,SL,2 km
Rhinerrhiza,,LC,2 km
Rhinerrhiza divitiflora,,SL,2 km
Rhipidorchis micrantha,,SL,2 km
Rhizanthella,,LC,2 km
Rhizanthella omissa,,EN,2 km
Rhomboda polygonoides,,VU,2 km
Rhynchophreatia,,LC,2 km
Robiquetia,,UK,2 km
Robiquetia gracilistipes,,SL,2 km
Robiquetia rectifolia,,LC,2 km
Robiquetia wassellii,,NT,2 km
Saccolabiopsis,,LC,2 km
Saccolabiopsis armitii,,SL,2 km
Saccolabiopsis rectifolia,,SL,2 km
Saccolabium virgatum,,LC,2 km
Salacistis ochroleuca,,EN,2 km
Sarcochilus,,UK,2 km
Sarcochilus bancroftii,,LC,2 km
Sarcochilus borealis,,SL,2 km
Sarcochilus ceciliae,fairy bells,SL,2 km
Sarcochilus dilatatus,brown sarcochilus,SL,2 km
Sarcochilus falcatus,orange blossom orchid,SL,2 km
Sarcochilus fitzgeraldii,ravine orchid,EN,2 km
Sarcochilus hartmannii,,VU,2 km
Sarcochilus hillii,,SL,2 km
Sarcochilus hirticalcar,harlequin orchid,VU,2 km
Sarcochilus loganii,,SL,2 km
Sarcochilus newportii,,LC,2 km
Sarcochilus parviflorus,,SL,2 km
Sarcochilus platystachys,,LC,2 km
Sarcochilus roseus,,SL,2 km
Sarcochilus serrulatus,,SL,2 km
Sarcochilus spathulatus,,SL,2 km
Sarcochilus tricalliatus,,SL,2 km
Sarcochilus weinthalii,blotched sarcochilus,EN,2 km
Schistotylus,,LC,2 km
Schoenorchis,,LC,2 km
Schoenorchis micrantha,,SL,2 km
Schoenorchis sarcophylla,,VU,2 km
Spathoglottis,,UK,2 km
Spathoglottis papuana var. puberiflora,,UK,2 km
Spathoglottis paulinae,,NT,2 km
Spathoglottis plicata,New Guinea ground orchid,VU,2 km
Spathoglottis soutteriana,,LC,2 km
Speculantha borealis,,LC,2 km
Spiranthes,,UK,2 km
Spiranthes australis,,SL,2 km
Stigmatodactylus amplexicaulis,,SL,2 km
Stigmatodactylus sublestus,,NT,2 km
Taeniophyllum,,UK,2 km
Taeniophyllum baumei,,SL,2 km
Taeniophyllum clementsii,,SL,2 km
Taeniophyllum confertum,,NT,2 km
Taeniophyllum cylindrocentrum,,SL,2 km
Taeniophyllum cymbiforme,,LC,2 km
Taeniophyllum epacridicola,,SL,2 km
Taeniophyllum explanatum,,SL,2 km
Taeniophyllum lobatum,,NT,2 km
Taeniophyllum malianum,,SL,2 km
Taeniophyllum muelleri,,SL,2 km
Taeniophyllum triquetroradix,,SL,2 km
Taeniophyllum walkeri,,SL,2 km
Taeniophyllum wilkianum,,LC,2 km
Tainia,,LC,2 km
Tainia trinervis,,SL,2 km
Thelasis,,UK,2 km
Thelasis carinata,,VU,2 km
Thelychiton,,UK,2 km
Thelymitra,,UK,2 km
Thelymitra angustifolia,,SL,2 km
Thelymitra carnea,,SL,2 km
Thelymitra fragrans,,SL,2 km
Thelymitra ixioides,,SL,2 km
Thelymitra longifolia,,UK,2 km
Thelymitra longiloba,,UK,2 km
Thelymitra malvina,,SL,2 km
Thelymitra media,,UK,2 km
Thelymitra media var. media,tall sun orchid,LC,2 km
Thelymitra nuda,scented sun orchid,LC,2 km
Thelymitra pauciflora,slender sun orchid,SL,2 km
Thelymitra purpurata,wallum sun orchid,SL,2 km
Thelymitra queenslandica,,SL,2 km
Thelymitra venosa,large veined sun orchid,UK,2 km
Thelymitra x merraniae,,SL,2 km
Thelymitra x truncata,,UK,2 km
Thrixspermum,,UK,2 km
Thrixspermum congestum,,SL,2 km
Thrixspermum platystachys,,SL,2 km
Thunia alba var. marshelliana,,UK,2 km
Trachoma,,UK,2 km
Trachoma speciosum,,SL,2 km
Trachoma stellatum,,SL,2 km
Trachoma subluteum,,SL,2 km
Trichoglottis,,UK,2 km
Trichoglottis australiensis,,VU,2 km
Vanda,,LC,2 km
Vanda hindsii,Cape York vanda,VU,2 km
Vanda whiteana,,LC,2 km
Vanilla planifolia,,UK,2 km
Vrydagzynea,,UK,2 km
Vrydagzynea grayi,,EN,2 km
Zeuxine,,UK,2 km
Zeuxine attenuata,,LC,2 km
Zeuxine oblonga,hairy jewel orchid,SL,2 km
Drosera,,UK,2 km
Drosera adelae,,NT,2 km
Drosera buubugujin,,CR,2 km
Drosera prolifera,trailing sundew,VU,2 km
Drosera schizandra,notched sundew,VU,2 km
Nepenthes,,LC,2 km
Nepenthes albolineata,,LC,2 km
Nepenthes alicae,,LC,2 km
Nepenthes armbrustae,,LC,2 km
Nepenthes bernaysii,,UK,2 km
Nepenthes cholmondeleyi,,LC,2 km
Nepenthes garrawayae,,LC,2 km
Nepenthes jardinei,,LC,2 km
Nepenthes mirabilis,tropical pitcher plant,SL,2 km
Nepenthes mirabilis (Bramston Beach),,EN,2 km
Nepenthes moorei,,LC,2 km
Nepenthes parvula,,SL,2 km
Nepenthes pascoensis,,LC,2 km
Nepenthes rowanae,,LC,2 km
Nepenthes rowaniae,,SL,2 km
Nepenthes tenax,,SL,2 km
Alsophila baileyana,,LC,2 km
Alsophila cunninghamii,,NT,2 km
Alsophila exilis,,EN,2 km
Sphaeropteris celebica,,NT,2 km
Sphaeropteris felina,,EN,2 km
Calochlaena villosa,,NT,2 km
Cycas,,UK,2 km
Cycas angulata,,SL,2 km
Cycas badensis,,SL,2 km
Cycas brunnea,,VU,2 km
Cycas cairnsiana,,VU,2 km
Cycas candida,,SL,2 km
Cycas couttsiana,,VU,2 km
Cycas cupida,,VU,2 km
Cycas desolata,,VU,2 km
Cycas distans,,EN,2 km
Cycas media,,SL,2 km
Cycas media - Cycas platyphylla,,LC,2 km
Cycas media subsp. banksii,,SL,2 km
Cycas media subsp. ensata,,SL,2 km
Cycas media subsp. media,,SL,2 km
Cycas media subsp. media - C.ophiolitica,,LC,2 km
Cycas megacarpa,,EN,2 km
Cycas ophiolitica,Marlborough blue,EN,2 km
Cycas papuana,,SL,2 km
Cycas platyphylla,,VU,2 km
Cycas revoluta,,UK,2 km
Cycas scratchleyana,,SL,2 km
Cycas semota,,EN,2 km
Cycas silvestris,,VU,2 km
Cycas terryana,,VU,2 km
Cycas tuckeri,,VU,2 km
Cycas xipholepis,,SL,2 km
Cycas yorkiana,,SL,2 km
Bowenia,,LC,2 km
Bowenia serrulata,Byfield fern,SL,2 km
Bowenia spectabilis,,SL,2 km
Lepidozamia,,LC,2 km
Lepidozamia hopei,Hope's cycad,SL,2 km
Lepidozamia peroffskyana,shining burrawang,SL,2 km
Macrozamia,,UK,2 km
Macrozamia cardiacensis,,VU,2 km
Macrozamia conferta,,VU,2 km
Macrozamia cranei,,EN,2 km
Macrozamia crassifolia,,VU,2 km
Macrozamia douglasii,,SL,2 km
Macrozamia fearnsidei,,SL,2 km
Macrozamia fearnsidei x Macrozamia moorei,,LC,2 km
Macrozamia lomandroides,,EN,2 km
Macrozamia lomandroides - Macrozamia pauli-guilielmi,,LC,2 km
Macrozamia lomandroides x M.pauli-guilielmi,,LC,2 km
Macrozamia longispina,,NT,2 km
Macrozamia longispina - Macrozamia macleayi,,LC,2 km
Macrozamia lucida,pineapple zamia,SL,2 km
Macrozamia lucida x Macrozamia macleayi,,LC,2 km
Macrozamia machinii,,VU,2 km
Macrozamia macleayi,,SL,2 km
Macrozamia macleayi - Macrozamia mountperriensis,,LC,2 km
Macrozamia miquelii,,SL,2 km
Macrozamia moorei,,SL,2 km
Macrozamia mountperriensis,,SL,2 km
Macrozamia occidua,,VU,2 km
Macrozamia parcifolia,,VU,2 km
Macrozamia pauli-guilielmi,,EN,2 km
Macrozamia platyrhachis,,EN,2 km
Macrozamia serpentina,,EN,2 km
Macrozamia viridis,,EN,2 km
Austrocallerya pilipes,,NT,2 km
Hydnophytum,,UK,2 km
Hydnophytum ferrugineum,,VU,2 km
Hydnophytum moseleyanum,,SL,2 km
Myrmecodia,,UK,2 km
Myrmecodia beccarii,,VU,2 km
Myrmecodia platytyrea,,LC,2 km
Myrmecodia platytyrea subsp. antoinii,,SL,2 km
Myrmecodia tuberosa,,SL,2 km
Dipteris conjugata,,NT,2 km
Sticherus milnei,,VU,2 km
Crepidomanes aphlebioides,,CR,2 km
Crepidomanes majoriae,,VU,2 km
Didymoglossum exiguum,,EW,2 km
Didymoglossum mindorense,,NT,2 km
Hymenophyllum digitatum,,VU,2 km
Hymenophyllum eboracense,,VU,2 km
Hymenophyllum gracilescens,,VU,2 km
Hymenophyllum kerianum,,VU,2 km
Hymenophyllum lobbii,,EW,2 km
Hymenophyllum pallidum,,NT,2 km
Hymenophyllum reinwardtii,,CR,2 km
Hymenophyllum whitei,,CR,2 km
Polyphlebium endlicherianum,,VU,2 km
Striga asiatica,,UK,2 km
Huperzia,,UK,2 km
Huperzia serrata,,EW,2 km
Phlegmariurus,,UK,2 km
Phlegmariurus carinatus,,EN,2 km
Phlegmariurus creber,rat-tail tassel-fern,CR,2 km
Phlegmariurus dalhousieanus,blue tassel-fern,CR,2 km
Phlegmariurus delbrueckii,,VU,2 km
Phlegmariurus harmsii,,SL,2 km
Phlegmariurus ledermannii,,VU,2 km
Phlegmariurus lockyeri,,VU,2 km
Phlegmariurus nummulariifolius,,UK,2 km
Phlegmariurus phlegmaria,,LC,2 km
Phlegmariurus phlegmarioides,,VU,2 km
Phlegmariurus pinifolius,,EN,2 km
Phlegmariurus proliferus,,UK,2 km
Phlegmariurus squarrosus,water tassel-fern,CR,2 km
Phlegmariurus tetrastichoides,,VU,2 km
Phlegmariurus varius,,VU,2 km
Pseudodiphasium volubile,,EW,2 km
Pseudolycopodiella limosa,,NT,2 km
Asplenium normale,,VU,2 km
Asplenium pellucidum,,VU,2 km
Hymenasplenium perriei,,VU,2 km
Hymenasplenium wildii,,VU,2 km
Diplazium cordifolium,,VU,2 km
Diplazium pallidum,,EN,2 km
Diplazium squamuligerum,,CR,2 km
Blechnum reticulatum,,NT,2 km
Dryopteris hasseltii,,NT,2 km
Dryopteris sparsa,,VU,2 km
Dryopteris wattsii,,VU,2 km
Elaphoglossum callifolium,,NT,2 km
Lastreopsis dissecta,,NT,2 km
Lastreopsis silvestris,,VU,2 km
Lastreopsis walleri,,VU,2 km
Parapolystichum grayi,,VU,2 km
Parapolystichum tinarooense,,VU,2 km
Lindsaea pulchella var. blanda,,UK,2 km
Lindsaea terrae-reginae,,EN,2 km
Ctenopterella blechnoides,,VU,2 km
Drynaria x dumicola,,VU,2 km
Lemmaphyllum accedens,,EW,2 km
Microsorum membranifolium,pimple fern,NT,2 km
Oreogrammitis albosetosa,,VU,2 km
Oreogrammitis leonardii,,VU,2 km
Oreogrammitis reinwardtii,,VU,2 km
Tomophyllum walleri,,VU,2 km
Antrophyum austroqueenslandicum,,CR,2 km
Antrophyum plantagineum,,NT,2 km
Antrophyum subfalcatum,,VU,2 km
Haplopteris dareicarpa,,EW,2 km
Tectaria devexa,,LC,2 km
Tectaria devexa var. devexa,,EN,2 km
Tectaria siifolia,,VU,2 km
Amblovenatum immersum,,CR,2 km
Amblovenatum tildeniae,,CR,2 km
Chingia australis,,EN,2 km
Pakau pennigera,,EN,2 km
Plesioneuron tuberculatum,,EN,2 km
Pneumatopteris pennigera,lime fern,UK,2 km
Reholttumia costata,,NT,2 km
Thelypteris confluens,,VU,2 km
Macadamia jansenii,,CR,2 km
Tmesipteris lanceolata,,EW,2 km
