name,scientificName_old,scientificName_new,commonName_old,commonName_new,listUpdate
Amanita brunneola,,,,,added
Amanita cretaceaverruca,,,,,added
Amanita mallee,,,,,added
Amanita marinae,,,,,added
Amanita validiuscula,,,,,added
Apatelantha chrysotricha,,,,,added
Apatelantha insignis,,,,,added
Austrobaeckea columnaris,,,,,added
Austrobaeckea narembeen,,,,,added
Austrobaeckea uncinella,,,,,added
Darwinia chantiae,,,,,added
Eremophila annosicaulis,,,,,added
Eremophila naaykensii,,,,,added
Hibbertia archeri,,,,,added
Hibbertia hesperia,,,,,added
Hibbertia sp. Bendering (J.W. Horn 4101),,,,,added
Hibbertia sp. Dragon Rocks (A.M. Coates 2875),,,,,added
Hibbertia sp. Frank Hann (K. Newbey 10900),,,,,added
Hibbertia sp. Mount Gibbs (G.F. Craig 6668-1),,,,,added
Hibbertia sp. Mount Gibson (B.H. Smith 883),,,,,added
Hibbertia subvillosa,,,,,added
Machaerina ascendens,,,,,added
Neptunia longipila,,,,,added
Neptunia tactilis,,,,,added
Neptunia valida,,,,,added
Olearia sp. Jerramungup (E.M. Sandiford 2528),,,,,added
Ptilotus crinitus,,,,,added
Sida sp. Turee Creek (P.-L.de Kock PLDK1116),,,,,added
Stylidium milleri,,,,,added
Stylidium perizoster,,,,,added
Triodia sp. De Grey River (M.D. Barrett & B.M. Anderson MDB 4432),,,,,added
Anstisia alba,,,,,added
Anstisia lutea,,,,,added
Anstisia vitellina,,,,,added
Amanita brunneola,,,,,removed
Amanita cretaceaverruca,,,,,removed
Amanita mallee,,,,,removed
Amanita marinae,,,,,removed
Amanita validiuscula,,,,,removed
Apatelantha chrysotricha,,,,,removed
Apatelantha insignis,,,,,removed
Austrobaeckea columnaris,,,,,removed
Austrobaeckea narembeen,,,,,removed
Austrobaeckea uncinella,,,,,removed
Darwinia chantiae,,,,,removed
Eremophila annosicaulis,,,,,removed
Eremophila naaykensii,,,,,removed
Hibbertia archeri,,,,,removed
Hibbertia hesperia,,,,,removed
Hibbertia sp. Bendering (J.W. Horn 4101),,,,,removed
Hibbertia sp. Dragon Rocks (A.M. Coates 2875),,,,,removed
Hibbertia sp. Frank Hann (K. Newbey 10900),,,,,removed
Hibbertia sp. Mount Gibbs (G.F. Craig 6668-1),,,,,removed
Hibbertia sp. Mount Gibson (B.H. Smith 883),,,,,removed
Hibbertia subvillosa,,,,,removed
Machaerina ascendens,,,,,removed
Neptunia longipila,,,,,removed
Neptunia tactilis,,,,,removed
Neptunia valida,,,,,removed
Olearia sp. Jerramungup (E.M. Sandiford 2528),,,,,removed
Ptilotus crinitus,,,,,removed
Sida sp. Turee Creek (P.-L.de Kock PLDK1116),,,,,removed
Stylidium milleri,,,,,removed
Stylidium perizoster,,,,,removed
Triodia sp. De Grey River (M.D. Barrett & B.M. Anderson MDB 4432),,,,,removed
Anstisia alba,,,,,removed
Anstisia lutea,,,,,removed
Anstisia vitellina,,,,,removed
